nm,eV,C1_S20,C2_S71,C3_S146
300,4.1333332,63728.633,76948.164,
301,4.1196012,63931.766,75628.898,
302,4.1059604,64447.148,74531.57,
303,4.0924091,65121.043,77625.438,
304,4.0789475,65893.891,82912.422,
305,4.0655737,66601.336,83599.422,
306,4.0522876,66506.578,76300.102,
307,4.0390878,64499.242,64617.883,
308,4.0259738,60566.258,54297.402,
309,4.0129452,56869.098,48376.883,
310,4,56186.938,47021.258,
311,3.9871383,58782.5,48379.414,150306.2
312,3.974359,61466.117,49360.152,146007.92
313,3.9616613,60502.922,47915.145,140440.48
314,3.9490447,55171.973,44588.047,133138.27
315,3.9365079,47812.086,41095.605,127136.97
316,3.9240506,41061.559,38287.977,125257.7
317,3.9116719,36154.52,36011.305,126876.16
318,3.8993711,33150.742,33864.238,129210.44
319,3.8871474,31390.67,31397.934,130459.36
320,3.875,29892.9,28305.971,130478.38
321,3.8629284,28125.145,24890.473,129165.37
322,3.8509316,26315.402,21880.875,125944.33
323,3.8390093,24881.039,19669.43,121176.5
324,3.8271606,24054.189,18098.73,116779.52
325,3.8153846,24038.752,16932.648,114470.69
326,3.8036809,24780.018,16095.767,113807.87
327,3.7920489,25544.617,15411.284,112818.61
328,3.7804878,25412.17,14570.084,110409.33
329,3.768997,24246.543,13589.561,107377.23
330,3.7575758,22702.838,12901.135,105147.68
331,3.7462234,21318.578,12711.412,104236.26
332,3.7349398,20080.766,12669.914,104074.27
333,3.7237236,18842.641,12387.118,103860.69
334,3.712575,17629.941,11820.727,103151.3
335,3.7014925,16499.789,10956.391,101695.92
336,3.6904762,15515.777,9590.9023,99296.102
337,3.6795251,14818.588,7710.1855,96177.703
338,3.6686389,14397.959,5826.999,93123.586
339,3.6578171,13937.781,4658.6187,90809.094
340,3.6470587,13170.476,4414.3169,89089.156
341,3.6363637,12249.838,4565.2866,87107.312
342,3.625731,11556.908,4445.0913,84122.32
343,3.6151605,11235.001,3895.9607,80267.547
344,3.6046512,11098.289,3219.2888,76475.562
345,3.594203,10957.236,2773.3523,73628.617
346,3.5838151,10820.281,2737.4731,71823.203
347,3.573487,10693.58,2986.312,70332.938
348,3.5632184,10400.02,3117.6794,68190.703
349,3.5530086,9809.8691,2825.5908,65011.621
350,3.5428572,9115.4248,2227.7512,61314.836
351,3.5327635,8635.877,1668.0901,57887.508
352,3.5227273,8414.4648,1324.8458,54981.422
353,3.5127478,8225.374,1155.198,52348.336
354,3.5028248,7933.083,1038.6237,49779.562
355,3.4929578,7625.8936,827.25183,47301.258
356,3.483146,7414.3057,448.207,45044.484
357,3.4733894,7270.5781,69.248291,43064.555
358,3.4636872,7053.585,-43.083416,41127.973
359,3.4540391,6652.7017,125.83445,38843.289
360,3.4444444,6164.082,343.69058,36205.078
361,3.4349031,5819.5811,433.13828,33648.652
362,3.4254143,5655.209,360.89737,31393.098
363,3.415978,5445.7896,146.30737,29169.301
364,3.4065933,5032.1553,-144.53149,26721.574
365,3.3972602,4495.1143,-408.7204,24170.195
366,3.3879781,3998.0774,-595.59314,21764.004
367,3.3787465,3676.1089,-736.28674,19596.184
368,3.3695652,3649.1506,-860.62061,17714.27
369,3.3604336,3908.8596,-920.211,16248.705
370,3.3513513,4195.1797,-848.01489,15186.442
371,3.3423181,4203.4844,-671.84607,14190.806
372,3.3333333,3941.5959,-491.67422,12925.166
373,3.3243968,3707.9688,-385.54861,11469.598
374,3.3155081,3712.8337,-395.36432,10198.427
375,3.3066666,3887.4839,-524.51135,9302.498
376,3.2978723,4052.2551,-703.27246,8619.3447
377,3.2891247,4105.5752,-810.755,7927.8965
378,3.2804232,4040.5688,-757.36896,7219.2031
379,3.2717679,3894.0674,-550.27734,6591.9175
380,3.2631578,3710.519,-283.44202,6040.4043
381,3.2545931,3515.384,-61.551491,5470.8628
382,3.2460732,3314.5068,59.197472,4832.1875
383,3.2375979,3127.7983,70.236763,4154.2817
384,3.2291667,2990.4778,-22.265574,3510.6282
385,3.2207792,2884.9663,-218.91637,2962.5332
386,3.2124352,2711.4626,-488.16504,2511.4321
387,3.2041345,2393.3291,-710.91895,2118.2258
388,3.1958764,2007.5325,-745.3222,1779.1451
389,3.1876607,1756.0804,-577.23755,1549.5004
390,3.1794872,1785.8433,-340.6369,1480.9728
391,3.1713555,2059.3376,-169.98102,1555.5864
392,3.1632652,2410.9556,-82.847336,1681.5505
393,3.1552162,2690.6057,-14.714663,1752.0349
394,3.1472082,2827.0664,65.594421,1708.8562
395,3.1392405,2804.4062,100.1496,1536.4211
396,3.1313131,2655.4124,17.011021,1237.4862
397,3.1234257,2478.9927,-155.32452,875.53864
398,3.1155779,2399.998,-277.86209,589.64056
399,3.1077695,2481.0229,-201.22067,501.25476
400,3.0999999,2669.9082,98.910294,622.03821
401,3.0922694,2815.8125,441.94528,848.64856
402,3.0845771,2777.6926,561.83716,1042.7014
403,3.0769231,2580.4541,380.25085,1148.8489
404,3.0693069,2406.3491,91.040024,1194.2415
405,3.0617285,2383.9114,-69.060135,1160.5745
406,3.0541873,2477.2036,-43.096088,996.63739
407,3.0466831,2583.9922,59.146873,773.84857
408,3.0392158,2615.7964,93.731316,641.91211
409,3.0317848,2517.1714,-5.6115227,614.13715
410,3.0243902,2331.7234,-187.83594,564.55359
411,3.0170317,2191.5178,-353.51553,429.00134
412,3.0097086,2160.2168,-458.20929,276.73291
413,3.0024214,2174.4634,-510.52545,197.95358
414,2.9951692,2180.2803,-492.94061,209.26817
415,2.9879518,2209.175,-365.29614,265.41351
416,2.9807692,2280.7581,-161.61334,310.42084
417,2.9736211,2341.0259,-6.2798862,314.28586
418,2.9665072,2342.0642,10.345045,294.94315
419,2.9594271,2302.5464,-76.267021,299.74185
420,2.9523809,2256.2161,-161.84814,338.35651
421,2.9453683,2203.4954,-178.21965,356.07587
422,2.9383886,2135.532,-140.29651,297.53351
423,2.931442,2059.8887,-125.40987,174.75259
424,2.9245284,1994.3647,-186.586,61.537075
425,2.9176471,1956.3384,-272.30942,31.095951
426,2.9107981,1945.1946,-282.92334,91.067902
427,2.9039812,1931.6089,-207.94806,172.43314
428,2.8971963,1884.3313,-141.14291,190.73039
429,2.8904428,1798.3193,-168.32845,120.49875
430,2.8837209,1686.5959,-296.96115,6.5881667
431,2.8770301,1573.2664,-471.41736,-91.764816
432,2.8703704,1500.627,-619.26514,-157.62985
433,2.8637414,1497.2516,-711.77289,-216.70032
434,2.8571429,1526.5505,-788.98944,-292.1926
435,2.8505747,1524.886,-885.92487,-369.41013
436,2.8440366,1506.7839,-937.82019,-408.70056
437,2.8375287,1553.4198,-826.00696,-391.97089
438,2.8310502,1673.146,-544.9303,-344.40393
439,2.8246014,1768.1162,-258.83563,-305.37057
440,2.8181818,1769.0371,-149.53038,-296.40363
441,2.8117914,1716.5305,-248.10971,-319.63013
442,2.8054299,1694.067,-427.40283,-361.29202
443,2.7990971,1750.7097,-517.47784,-397.76129
444,2.7927928,1882.014,-434.15363,-416.82538
445,2.7865169,2026.2212,-233.94562,-422.93756
446,2.7802691,2084.8645,-55.198822,-412.05743
447,2.7740493,1985.4343,-13.642023,-351.27325
448,2.7678571,1745.1848,-156.54871,-198.53775
449,2.7616928,1492.178,-473.06085,29.571507
450,2.7555556,1408.0023,-889.30737,213.86308
451,2.7494457,1594.2639,-1250.6743,220.38327
452,2.7433629,1951.9639,-1388.7246,59.804993
453,2.7373068,2190.3767,-1286.2368,-100.26507
454,2.7312775,2042.3087,-1141.5649,-129.03026
455,2.7252748,1570.5984,-1193.3743,-79.823769
456,2.7192984,1179.8501,-1491.0701,-51.968048
457,2.7133479,1208.4449,-1844.9056,18.413448
458,2.7074237,1597.2607,-1972.7189,221.96198
459,2.701525,2005.5165,-1739.5076,358.6586
460,2.6956522,2111.3774,-1278.616,52.49585
461,2.6898048,1817.312,-830.52222,-718.19995
462,2.6839826,1349.6318,-521.59778,-1438.285
463,2.6781857,1151.4843,-360.26599,-1572.3468
464,2.6724138,1529.4338,-281.29218,-1128.9293
465,2.6666667,2377.6768,-93.947495,-515.81622
466,2.6609442,3267.9097,374.5155,23.845026
467,2.6552463,3763.5371,934.49573,479.63794
468,2.6495726,3681.0029,1074.964,674.12134
469,2.6439233,3172.5669,514.74902,310.54248
470,2.6382978,2567.0959,-468.3056,-507.42529
471,2.6326964,2088.0283,-1333.6265,-1230.9922
472,2.6271186,1783.91,-1717.3761,-1432.9446
473,2.6215644,1668.104,-1571.1069,-1155.929
474,2.6160338,1704.1694,-1088.2061,-717.65552
475,2.6105263,1691.6973,-576.95221,-399.32489
476,2.605042,1422.5243,-302.82196,-314.95255
477,2.5995808,968.52209,-345.18274,-409.12164
478,2.5941422,663.40601,-548.07117,-514.21997
479,2.5887265,792.97803,-631.81763,-453.23376
480,2.5833333,1334.7573,-444.83722,-164.42372
481,2.5779626,1945.172,-134.72115,205.08965
482,2.5726142,2219.2966,-7.6282501,372.51678
483,2.5672877,2044.9651,-214.04095,194.66275
484,2.5619836,1679.9246,-625.026,-140.70184
485,2.5567009,1458.3293,-984.73804,-278.7099
486,2.5514402,1490.0265,-1137.8774,-59.026665
487,2.5462012,1639.4742,-1146.6885,323.72681
488,2.5409837,1709.024,-1203.4878,526.59277
489,2.5357873,1628.8726,-1405.3345,374.14841
490,2.5306122,1496.2609,-1644.968,-58.932549
491,2.5254583,1434.2068,-1759.8038,-597.1098
492,2.5203252,1446.9585,-1730.285,-1101.2349
493,2.515213,1459.2238,-1654.4075,-1469.8135
494,2.5101213,1456.2341,-1601.2357,-1609.8694
495,2.5050504,1484.9066,-1610.769,-1492.0706
496,2.5,1522.578,-1720.3058,-1165.5425
497,2.4949698,1479.1851,-1816.051,-634.83289
498,2.48996,1377.644,-1623.3159,144.7216
499,2.4849699,1396.708,-1075.6199,1018.3217
500,2.48,1617.573,-537.5813,1530.2148
501,2.47505,1837.8425,-423.6662,1284.644
502,2.4701195,1829.0674,-718.73993,394.3699
503,2.4652088,1688.371,-1061.9711,-571.68896
504,2.4603174,1689.3336,-1162.7158,-1118.2759
505,2.4554455,1874.2079,-982.73199,-1207.1406
506,2.450593,2029.6072,-689.17163,-1106.9344
507,2.4457593,1975.5056,-576.23505,-1047.5841
508,2.4409449,1731.0642,-874.91138,-1115.0292
509,2.4361494,1486.7664,-1519.6128,-1271.1331
510,2.4313726,1451.8657,-2166.751,-1333.7854
511,2.4266145,1633.3125,-2471.4521,-1123.5326
512,2.421875,1789.7305,-2346.0427,-722.74255
513,2.4171541,1693.269,-1993.2583,-433.75183
514,2.4124513,1389.5212,-1693.9937,-449.65686
515,2.4077671,1133.0347,-1540.6647,-644.56104
516,2.4031007,1140.1306,-1378.307,-658.55011
517,2.3984525,1464.488,-991.44635,-208.68335
518,2.3938224,2013.2197,-330.50952,594.00732
519,2.38921,2588.6831,421.34286,1286.7969
520,2.3846154,3009.3662,990.67792,1498.9055
521,2.3800385,3291.9885,1239.3602,1307.4109
522,2.375479,3596.2002,1229.5426,1089.4777
523,2.3709369,3925.135,1078.2759,1060.605
524,2.3664122,4085.6697,849.22485,1091.6674
525,2.3619049,4003.6138,600.38428,1013.2992
526,2.3574145,3844.8425,423.99905,848.68628
527,2.3529413,3770.6614,374.71844,602.17932
528,2.3484848,3766.5291,391.3519,155.84805
529,2.3440454,3743.6665,366.52136,-407.69354
530,2.3396227,3641.3464,298.07224,-766.81177
531,2.3352165,3401.1963,246.52425,-862.72003
532,2.330827,3017.5317,144.92328,-999.63074
533,2.3264539,2660.5659,-137.36656,-1263.1898
534,2.3220973,2582.2871,-517.12701,-1323.4686
535,2.3177569,2856.251,-704.33032,-964.34839
536,2.3134329,3312.991,-537.01904,-390.65381
537,2.3091247,3689.1306,-179.11873,58.271049
538,2.3048327,3768.0854,22.268951,200.58423
539,2.3005567,3467.5627,-194.90002,-2.5529747
540,2.2962964,2859.7695,-835.14459,-556.28534
541,2.2920518,2134.6743,-1615.4325,-1397.3076
542,2.287823,1583.8622,-2114.1299,-2264.0869
543,2.2836096,1451.5668,-2128.3538,-2810.1963
544,2.2794118,1641.3422,-1906.1862,-2950.8931
545,2.2752295,1760.754,-1845.3678,-2871.0601
546,2.2710624,1559.0143,-2030.5674,-2638.4219
547,2.2669103,1137.2925,-2271.7295,-2149.821
548,2.2627738,749.0874,-2424.9751,-1499.3201
549,2.2586522,571.20422,-2425.252,-994.68726
550,2.2545455,649.28687,-2167.5217,-748.97168
551,2.2504537,988.97595,-1585.4312,-580.8302
552,2.2463768,1631.3018,-776.06421,-327.91226
553,2.2423146,2505.4355,26.963238,-46.828903
554,2.2382672,3284.439,548.62646,87.376572
555,2.2342343,3662.269,631.62604,31.392235
556,2.2302158,3714.0244,403.52545,10.19376
557,2.2262118,3686.2749,134.39511,252.72531
558,2.2222223,3545.6489,-126.8719,571.68231
559,2.2182469,3071.134,-537.5415,468.13239
560,2.2142856,2315.7095,-1060.8123,-249.85034
561,2.2103386,1644.406,-1408.686,-1192.4801
562,2.2064056,1280.5286,-1473.7943,-1836
563,2.2024868,1098.2041,-1501.7439,-2019.75
564,2.1985815,972.08844,-1691.6401,-1884.9553
565,2.1946902,1046.7173,-1892.4443,-1556.636
566,2.1908128,1456.3097,-1858.3625,-1099.835
567,2.1869488,1979.6965,-1589.4232,-670.64697
568,2.1830986,2204.1729,-1245.0515,-467.81311
569,2.1792619,1978.8096,-889.31049,-513.80249
570,2.1754386,1553.3378,-525.08044,-650.55426
571,2.1716287,1247.8604,-273.78922,-783.9198
572,2.1678321,1089.3567,-290.44617,-965.02783
573,2.1640489,877.94116,-517.92981,-1170.7939
574,2.1602788,572.60864,-710.36853,-1179.5889
575,2.1565218,410.99054,-712.72778,-817.11597
576,2.1527777,564.00757,-597.12024,-267.38495
577,2.1490469,883.73547,-534.37854,25.757523
578,2.1453288,1143.1299,-611.77747,-164.41556
579,2.1416235,1326.8708,-758.85791,-565.60864
580,2.1379311,1508.1051,-831.25348,-695.07751
581,2.1342514,1619.8296,-778.96716,-358.96643
582,2.1305842,1550.1163,-681.36206,233.04379
583,2.1269298,1336.0334,-610.8219,753.65961
584,2.1232877,1098.8339,-560.17554,992.93591
585,2.1196582,897.78265,-518.31506,873.89685
586,2.1160409,759.99268,-534.69989,436.08795
587,2.1124361,716.67096,-682.9657,-162.29254
588,2.1088436,728.45654,-963.09222,-702.12952
589,2.1052632,725.34778,-1254.8107,-1003.9916
590,2.1016948,733.93323,-1442.757,-1040.0985
591,2.0981388,803.16077,-1568.7174,-970.79376
592,2.0945945,885.81274,-1720.9152,-974.5766
593,2.0910623,963.78674,-1808.0627,-1036.0237
594,2.0875421,1132.6974,-1649.0356,-1011.9082
595,2.0840337,1402.6364,-1277.3885,-867.24371
596,2.0805368,1594.8746,-939.03558,-710.39246
597,2.0770519,1555.1108,-793.27588,-642.53943
598,2.0735786,1335.2195,-813.52832,-697.31226
599,2.0701168,1130.3722,-915.74841,-875.12305
600,2.0666666,1121.9871,-978.79535,-1113.9143
601,2.0632279,1362.6709,-843.53955,-1258.3074
602,2.0598006,1754.5447,-482.75293,-1174.0336
603,2.0563848,2123.1689,-92.959984,-889.48224
604,2.0529802,2341.783,90.438751,-546.07483
605,2.0495868,2443.6626,20.652699,-247.67822
606,2.0462046,2577.7993,-141.07138,-39.697407
607,2.0428336,2778.7773,-201.27194,32.173222
608,2.0394738,2853.6733,-145.87192,-55.765049
609,2.0361247,2586.6792,-167.79248,-261.61517
610,2.0327868,2002.7979,-422.07465,-503.28949
611,2.02946,1382.2305,-796.27844,-685.50891
612,2.0261438,1049.037,-1035.746,-707.07898
613,2.0228386,1136.4202,-1041.0499,-519.1084
614,2.0195439,1498.97,-903.07874,-199.58475
615,2.0162601,1838.6746,-723.64642,63.424149
616,2.0129869,1949.2097,-573.64056,97.736198
617,2.0097244,1882.0626,-551.61798,-111.90486
618,2.0064726,1876.4678,-712.66315,-413.08789
619,2.003231,2073.5068,-982.26038,-638.23938
620,2,2342.2725,-1223.3562,-727.30316
621,1.9967794,2496.1619,-1328.2205,-671.1756
622,1.9935691,2578.8403,-1233.1875,-442.19897
623,1.9903692,2765.9805,-939.60559,-84.208252
624,1.9871795,3082.5195,-537.02942,218.79633
625,1.984,3376.3198,-134.72069,302.38275
626,1.9808307,3507.4712,228.61832,208.36156
627,1.9776715,3454.6709,542.55121,92.148529
628,1.9745224,3276.3579,735.45593,-6.3452969
629,1.9713831,3062.2544,741.22522,-147.8602
630,1.968254,2898.0278,606.74213,-299.16095
631,1.9651347,2786.748,409.91125,-339.37976
632,1.9620253,2655.8914,162.74167,-233.62003
633,1.9589257,2511.9819,-80.868851,-66.8993
634,1.9558359,2464.7761,-166.98114,39.153446
635,1.9527559,2542.3137,-24.380005,-1.481163
636,1.9496856,2641.4028,218.17297,-149.9675
637,1.9466248,2690.1982,376.69064,-246.02843
638,1.9435737,2713.8354,385.02435,-196.27406
639,1.9405321,2725.9036,294.12061,-104.89185
640,1.9375,2650.7324,142.84795,-171.43364
641,1.9344773,2388.436,-138.80966,-517.02374
642,1.9314642,1956.636,-638.50647,-1089.2839
643,1.9284604,1541.1187,-1259.0442,-1665.1255
644,1.9254658,1371.6111,-1696.3499,-1957.8855
645,1.9224806,1559.2004,-1673.889,-1772.2975
646,1.9195046,2014.4565,-1191.3468,-1132.1313
647,1.9165379,2463.9629,-547.33551,-324.41699
648,1.9135803,2650.085,-101.23095,245.70386
649,1.9106318,2586.3396,-10.950733,340.54605
650,1.9076923,2489.5684,-220.7034,30.422611
651,1.9047619,2465.5688,-598.60156,-427.08643
652,1.9018404,2436.1543,-984.69293,-784.69434
653,1.898928,2334.6094,-1213.2448,-926.59998
654,1.8960245,2195.4438,-1201.4805,-896.05731
655,1.8931298,2082.3755,-983.90417,-825.80304
656,1.8902439,2056.3179,-661.04468,-814.3421
657,1.8873668,2189.7554,-357.54694,-865.10455
658,1.8844985,2506.9717,-183.63544,-929.9801
659,1.8816389,2892.2854,-182.18303,-974.47632
660,1.8787879,3135.7283,-313.93646,-998.31763
661,1.8759456,3128.7666,-473.06549,-1006.7343
662,1.8731117,2973.5103,-520.68109,-965.20032
663,1.8702866,2850.8701,-388.22864,-823.32788
664,1.8674699,2836.5669,-174.30676,-609.61127
665,1.8646617,2894.9458,-65.190773,-437.78503
666,1.8618618,2977.0391,-140.74968,-375.3533
667,1.8590704,3049.5229,-302.80176,-360.96552
668,1.8562875,3081.8542,-383.91656,-294.03284
669,1.8535128,3076.897,-302.66721,-179.40488
670,1.8507463,3078.4067,-143.76062,-149.69919
671,1.8479881,3105.9194,-89.651871,-322.84265
672,1.8452381,3133.8438,-227.3782,-638.36511
673,1.8424963,3156.8472,-435.3306,-884.15796
674,1.8397626,3197.0547,-512.6629,-907.9798
675,1.8370371,3231.196,-397.43396,-742.30206
676,1.8343195,3201.6045,-206.87482,-505.59271
677,1.8316101,3106.5073,-99.19101,-278.25839
678,1.8289086,2995.4822,-161.11926,-122.18454
679,1.826215,2890.4434,-396.97827,-124.35616
680,1.8235294,2790.1306,-733.71173,-326.10394
681,1.8208517,2724.8271,-1027.6732,-641.37238
682,1.8181819,2740.5605,-1136.3496,-905.44385
683,1.8155198,2853.6458,-1014.5993,-982.315
684,1.8128655,3043.7583,-737.45923,-820.43707
685,1.8102189,3250.0786,-443.34354,-489.35614
686,1.8075802,3378.9043,-252.67844,-186.00107
687,1.804949,3371.2947,-209.91553,-113.72118
688,1.8023256,3259.2844,-273.64548,-303.97437
689,1.7997097,3122.8679,-350.61261,-586.37683
690,1.7971015,3011.2705,-372.45135,-753.2865
691,1.7945007,2919.1538,-377.64297,-746.4881
692,1.7919075,2816.9856,-476.02872,-675.56067
693,1.7893218,2713.6323,-682.46167,-666.29834
694,1.7867435,2692.6104,-846.72815,-729.86584
695,1.7841727,2832.3901,-820.05743,-784.75592
696,1.7816092,3081.856,-637.30188,-750.36414
697,1.7790531,3290.0293,-454.35712,-595.62573
698,1.7765043,3376.7278,-348.2912,-350.66867
699,1.7739629,3392.8301,-273.62912,-110.37765
700,1.7714286,3396.0156,-191.51637,11.397594
701,1.7689016,3364.7998,-133.69128,-25.285671
702,1.7663817,3265.0042,-131.82378,-156.95486
703,1.7638692,3117.3396,-166.67206,-295.89444
704,1.7613636,2979.0986,-202.06445,-403.73016
705,1.7588652,2910.7988,-231.38361,-485.7735
706,1.7563739,2936.3979,-291.80505,-574.66406
707,1.7538897,2994.7192,-431.47528,-721.88818
708,1.7514124,2986.97,-633.64868,-930.06738
709,1.7489421,2904.3345,-791.64783,-1093.0554
710,1.7464789,2838.7266,-808.60095,-1083.0161
711,1.7440225,2857.4465,-704.78894,-895.80383
712,1.741573,2939.7195,-586.51312,-649.86499
713,1.7391304,3025.4585,-538.1366,-462.34882
714,1.7366947,3065.1211,-565.31805,-373.26562
715,1.7342657,3045.1726,-597.32434,-361.23224
716,1.7318436,3008.3325,-531.37189,-380.91931
717,1.7294282,3031.0034,-318.61862,-379.00977
718,1.7270195,3156.0664,-19.53546,-306.996
719,1.7246175,3344.8779,242.63684,-155.73245
720,1.7222222,3496.1216,375.03528,19.319843
721,1.7198336,3524.2686,352.7146,129.33102
722,1.7174516,3428.1846,196.20636,114.17164
723,1.7150761,3277.0063,-47.02586,-26.264534
724,1.7127072,3147.9551,-300.17383,-231.41963
725,1.7103448,3097.1982,-471.78165,-394.97729
726,1.707989,3143.5293,-503.06873,-434.22412
727,1.7056396,3237.0522,-401.0741,-375.42453
728,1.7032967,3292.4756,-214.99603,-312.48029
729,1.7009603,3285.3052,4.5479174,-279.51022
730,1.6986301,3258.6343,209.98196,-250.81567
731,1.6963065,3233.812,352.32269,-236.02811
732,1.693989,3192.5835,404.8855,-260.28326
733,1.691678,3135.7231,379.11328,-292.83307
734,1.6893733,3087.7324,294.9136,-307.54883
735,1.6870748,3062.8081,150.69754,-359.40381
736,1.6847826,3065.4629,-41.239307,-487.78616
737,1.6824967,3095.0105,-200.30185,-593.32355
738,1.6802168,3136.541,-226.57721,-533.29858
739,1.6779431,3177.7151,-126.15562,-323.00363
740,1.6756756,3232.4958,-19.53207,-134.64233
741,1.6734143,3323.3586,7.6070924,-87.576385
742,1.671159,3443.8662,1.3025141,-123.65225
743,1.6689098,3554.6035,54.648247,-118.75497
744,1.6666666,3621.0081,173.27252,-49.995461
745,1.6644295,3656.3911,266.1485,11.018393
746,1.6621984,3716.301,260.75751,30.378252
747,1.6599733,3831.8167,189.75394,50.720177
748,1.6577541,3953.124,139.43646,108.85368
749,1.6555407,3974.3716,138.67795,187.36661
750,1.6533333,3810.8267,136.13651,234.44623
751,1.6511319,3459.106,72.712479,182.06216
752,1.6489362,3025.4077,-54.855507,-9.1528416
753,1.6467464,2710.4429,-186.58205,-267.02731
754,1.6445624,2693.3652,-231.25183,-422.0592
755,1.6423841,2950.4307,-143.66258,-371.11682
756,1.6402116,3227.3999,-1.6498775,-199.82732
757,1.638045,3284.5928,57.027267,-82.113976
758,1.6358839,3153.7939,9.1912613,-78.531624
759,1.6337286,3073.2656,-33.851547,-113.4353
760,1.6315789,3179.8582,-16.014416,-142.03357
761,1.6294349,3345.0989,-35.86993,-226.72702
762,1.6272966,3352.3364,-203.24054,-407.69684
763,1.6251638,3189.0325,-478.79303,-582.052
764,1.6230366,3067.2163,-712.01147,-583.73816
765,1.6209151,3141.7852,-792.01062,-377.69891
766,1.618799,3325.8628,-713.8064,-132.49062
767,1.6166884,3426.3118,-533.39673,-66.145096
768,1.6145834,3352.1543,-319.46649,-228.37299
769,1.6124837,3151.1396,-140.40724,-469.83981
770,1.6103896,2930.1943,-45.375736,-616.40814
771,1.6083009,2787.4111,-28.83445,-620.74036
772,1.6062176,2784.1211,-26.577831,-547.18127
773,1.6041397,2924.9849,14.302889,-479.44116
774,1.6020672,3141.6431,61.168839,-459.91229
775,1.6,3329.3955,42.148289,-466.06516
776,1.5979382,3427.1558,-38.92527,-437.1467
777,1.5958816,3445.6353,-108.68338,-357.97775
778,1.5938303,3419.7251,-149.17276,-300.1842
779,1.5917844,3364.0142,-227.67464,-345.336
780,1.5897436,3286.1172,-366.78305,-486.48688
781,1.5877081,3227.5161,-460.14322,-625.91992
782,1.5856777,3249.9316,-388.2746,-654.16138
783,1.5836526,3349.2676,-182.97397,-539.37097
784,1.5816326,3421.7065,4.1816711,-355.73856
785,1.5796179,3368.46,84.153076,-210.88855
786,1.5776081,3209.0525,94.322433,-153.8252
787,1.5756036,3051.3516,89.473587,-167.27696
788,1.5736041,2979.905,75.839279,-214.71906
789,1.5716096,3003.9124,66.129204,-275.28656
790,1.5696203,3071.564,96.375244,-353.51855
791,1.5676359,3097.0503,158.03772,-452.89999
792,1.5656565,3018.0903,190.62698,-537.64709
793,1.5636822,2869.145,161.74501,-545.91443
794,1.5617129,2762.9639,97.472862,-441.77289
795,1.5597484,2777.4263,31.779547,-240.4924
796,1.557789,2896.207,-30.12043,0.62503242
797,1.5558344,3052.4778,-107.87831,199.12445
798,1.5538847,3171.5322,-231.17282,272.07251
799,1.55194,3189.1658,-403.41245,179.05679
800,1.55,3102.9785,-565.44476,-38.22221
801,1.5480649,2987.4568,-630.84338,-274.04346
802,1.5461347,2904.5381,-574.42029,-448.00613
803,1.5442092,2843.7339,-472.17157,-573.72424
804,1.5422885,2780.8762,-451.41327,-708.44031
805,1.5403727,2722.5879,-581.84308,-854.09155
806,1.5384616,2672.3044,-786.66663,-956.85126
807,1.5365552,2627.0176,-889.30786,-975.10205
808,1.5346534,2619.4082,-781.71381,-904.18488
809,1.5327564,2699.4155,-523.0376,-783.01947
810,1.5308642,2864.3428,-267.94955,-697.86255
811,1.5289766,3052.1523,-133.70898,-711.18787
812,1.5270936,3201.3672,-134.3036,-786.8241
813,1.5252153,3278.1001,-211.83473,-848.73364
814,1.5233415,3259.8604,-306.98248,-881.10529
815,1.5214723,3153.2678,-369.13681,-906.2655
816,1.5196079,3036.8101,-321.02258,-906.58923
817,1.5177479,3020.3547,-112.34152,-828.82971
818,1.5158924,3128.1526,173.61075,-640.89197
819,1.5140415,3281.4434,378.26569,-360.1106
820,1.5121951,3413.0049,455.60071,-59.188538
821,1.5103532,3513.6021,479.00055,143.42926
822,1.5085158,3564.2095,455.88672,142.38318
823,1.5066829,3527.4814,303.44705,-60.653183
824,1.5048543,3422.3198,43.510685,-323.49493
825,1.5030303,3343.2744,-143.8855,-474.20947
826,1.5012107,3394.6057,-115.52707,-470.23633
827,1.4993954,3612.3125,104.21326,-383.80124
828,1.4975846,3924.0842,394.54608,-242.62158
829,1.4957781,4179.4482,628.04724,-17.926096
830,1.4939759,4256.2695,714.43799,230.80084
831,1.4921781,4165.291,664.48065,367.10797
832,1.4903846,4041.2205,583.27551,357.49005
833,1.4885955,4004.1667,527.65027,299.19348
834,1.4868106,4021.9531,427.71329,257.70715
835,1.4850299,3951.75,228.7095,210.10193
836,1.4832536,3741.8162,45.607452,167.15512
837,1.4814814,3512.1362,53.554424,209.04227
838,1.4797136,3378.936,239.14763,337.83514
839,1.47795,3306.5667,394.26105,418.77289
840,1.4761904,3227.0674,387.8576,352.23206
841,1.4744352,3196.7354,318.61041,202.10501
842,1.4726841,3304.197,343.70197,81.022629
843,1.4709371,3494.9907,469.01508,10.845821
844,1.4691943,3612.3994,571.45935,-32.800442
845,1.4674556,3578.821,545.44446,-31.100458
846,1.465721,3457.1709,388.27539,47.03849
847,1.4639906,3365.0703,200.27112,176.5896
848,1.4622642,3373.0649,107.58031,293.50647
849,1.4605418,3457.5188,144.47375,370.55859
850,1.4588236,3533.8828,222.7946,448.68362
851,1.4571093,3545.8704,229.65443,562.29749
852,1.455399,3511.4387,128.32997,645.70868
853,1.4536928,3483.8042,-29.673409,592.75354
854,1.4519906,3497.0239,-147.63177,424.5235
855,1.4502923,3549.6128,-134.29404,305.87167
856,1.4485981,3610.0269,42.202568,359.47769
857,1.4469078,3634.1606,316.74512,527.8595
858,1.4452214,3604.376,560.48004,647.323
859,1.443539,3547.0762,677.20032,611.36053
860,1.4418604,3486.5007,658.20605,437.0004
861,1.4401858,3409.3428,547.46582,211.92485
862,1.4385151,3308.1729,394.35254,17.248501
863,1.4368482,3223.0515,249.84985,-105.89996
864,1.4351852,3213.5864,169.50684,-150.45744
865,1.433526,3313.6394,183.02301,-139.90767
866,1.4318707,3505.3936,255.22498,-128.73509
867,1.4302192,3711.2908,308.08582,-166.74313
868,1.4285715,3831.0815,305.32071,-250.22008
869,1.4269274,3816.6084,284.21014,-324.57513
870,1.4252874,3724.8403,293.75128,-319.01373
871,1.423651,3701.8904,356.35452,-167.31075
872,1.4220183,3861.7358,479.36835,145.03183
873,1.4203894,4124.3389,622.94763,506.38324
874,1.4187644,4241.2607,682.97058,717.54376
875,1.4171429,4067.7461,595.12512,680.07471
876,1.4155251,3748.7043,430.20447,502.08981
877,1.4139111,3559.7617,326.0014,355.88571
878,1.4123007,3620.6194,354.18011,284.79828
879,1.410694,3820.823,479.14117,220.32593
880,1.4090909,3979.3279,614.4491,141.72089
881,1.4074914,4021.7515,704.34863,124.48521
882,1.4058957,4006.7573,757.48138,226.15611
883,1.4043036,4016.2756,804.82898,395.34195
884,1.402715,4055.0796,846.76819,524.61761
885,1.40113,4065.3496,859.74548,554.34497
886,1.3995485,4018.2297,836.20898,503.00964
887,1.3979707,3960.8491,793.17505,425.10712
888,1.3963964,3953.5884,745.34552,361.89886
889,1.3948257,3981.6685,694.71594,327.47076
890,1.3932585,3973.1411,653.47974,323.71991
891,1.3916948,3897.2949,644.55554,344.60593
892,1.3901346,3799.3115,662.88574,368.4751
893,1.3885778,3740.6633,671.64343,376.61554
894,1.3870246,3740.313,650.18976,377.42767
895,1.3854748,3769.3306,609.84387,385.50623
896,1.3839285,3782.0527,562.69995,393.92917
897,1.3823857,3758.9348,517.86285,398.388
898,1.3808464,3721.8916,505.11795,420.70471
899,1.3793104,3697.6736,556.40479,470.60336
900,1.3777778,3685.0728,655.90948,510.09589
901,1.3762486,3677.4077,742.50806,491.53406
902,1.3747228,3679.335,774.34766,417.76779
903,1.3732004,3671.3149,766.94019,345.16925
904,1.3716815,3602.1289,753.27228,326.35614
905,1.3701657,3447.6218,726.87354,344.31097
906,1.3686534,3244.4482,650.86816,312.56555
907,1.3671445,3063.7017,520.87085,169.41673
908,1.3656387,2981.1853,387.4534,-39.062126
909,1.3641365,3043.0278,299.14813,-204.44354
910,1.3626374,3213.2764,253.89638,-260.51038
911,1.3611416,3378.8879,234.84369,-203.56485
912,1.3596492,3446.2202,259.83273,-50.63327
913,1.3581599,3419.0591,353.07306,159.27663
914,1.356674,3360.7485,484.55328,343.34161
915,1.3551912,3307.3481,573.18774,414.36166
916,1.3537118,3253.6692,556.65222,354.00116
917,1.3522356,3203.4202,449.22437,229.40707
918,1.3507625,3185.7437,326.50671,134.87175
919,1.3492928,3222.4241,261.48669,121.75833
920,1.3478261,3309.0972,282.6575,178.73297
921,1.3463626,3424.3484,376.53992,260.31378
922,1.3449024,3530.8699,502.67859,320.20746
923,1.3434453,3575.3459,602.92651,332.5484
924,1.3419913,3522.894,621.46185,302.79044
925,1.3405405,3404.8896,542.70117,252.61893
926,1.3390929,3309.4072,413.87854,193.54039
927,1.3376483,3300.0469,318.09143,134.56169
928,1.3362069,3355.4812,316.53879,104.19075
929,1.3347685,3414.4546,412.60907,126.76733
930,1.3333334,3467.9355,564.63416,181.71786
931,1.3319012,3567.8467,723.56506,225.19218
932,1.3304721,3732.2673,848.56085,246.41911
933,1.3290461,3872.6853,897.31104,265.40759
934,1.3276231,3865.0005,846.62122,294.26956
935,1.3262032,3705.0264,743.09894,341.78595
936,1.3247863,3547.1323,687.09113,417.24634
937,1.3233725,3555.3845,730.69531,480.74332
938,1.3219616,3733.9976,812.74463,445.40414
939,1.3205538,3915.3142,802.88464,287.6402
940,1.3191489,3901.8174,597.87366,96.765549
941,1.3177471,3631.8455,209.69054,-33.616371
942,1.3163482,3242.4912,-195.63303,-91.746819
943,1.3149523,2976.5295,-382.1604,-91.615265
944,1.3135593,2994.4224,-239.50433,-30.513636
945,1.3121693,3255.564,111.73407,64.107323
946,1.3107822,3576.0581,455.97852,156.1924
947,1.3093981,3773.1416,688.1814,278.85245
948,1.3080169,3755.7827,825.30664,465.4577
949,1.3066386,3551.4341,877.36841,633.58685
950,1.3052632,3284.8862,817.28076,674.79858
951,1.3038906,3078.8149,656.86206,597.45105
952,1.302521,2948.9146,458.95782,465.78824
953,1.3011543,2837.7104,282.84277,299.40894
954,1.2997904,2747.4639,177.73126,125.60336
955,1.2984294,2760.4612,192.23679,13.840018
956,1.2970711,2897.1628,312.98901,-24.071194
957,1.2957158,3039.5337,419.2243,-76.324234
958,1.2943633,3071.2627,385.00992,-205.61029
959,1.2930136,3042.5029,241.53705,-337.01685
960,1.2916666,3114.8328,173.01895,-328.86508
961,1.2903225,3360.9907,314.51614,-133.05521
962,1.2889813,3675.9634,600.79474,156.37695
963,1.2876428,3890.7649,858.2193,404.13531
964,1.2863071,3943.2822,991.80811,545.8302
965,1.2849741,3907.1587,1016.0568,594.50964
966,1.2836438,3860.7222,955.15186,571.17468
967,1.2823164,3791.9321,812.72943,468.75864
968,1.2809918,3663.9409,633.47076,289.66684
969,1.2796698,3509.9424,515.64795,89.588287
970,1.2783505,3408.7739,532.33417,-41.328682
971,1.277034,3398.8015,654.02075,-44.881393
972,1.2757201,3452.0591,761.84583,59.134647
973,1.2744091,3517.7437,752.37463,188.23401
974,1.2731006,3567.3628,628.50903,255.40353
975,1.2717949,3599.9688,479.83295,227.76318
976,1.2704918,3625.7932,404.69174,154.49222
977,1.2691914,3653.5354,461.9502,137.3033
978,1.2678937,3678.6646,639.36224,241.59096
979,1.2665986,3687.3103,842.57056,420.61169
980,1.2653061,3684.3909,961.61627,548.65289
981,1.2640163,3691.676,962.03796,544.28149
982,1.2627292,3695.7373,879.09583,444.62137
983,1.2614446,3633.6506,745.87427,355.02618
984,1.2601626,3474.2502,593.42749,356.95108
985,1.2588832,3303.0083,508.48926,468.98724
986,1.2576065,3269.915,596.15173,650.05225
987,1.2563323,3418.9304,845.79443,814.55273
988,1.2550607,3612.0322,1092.4175,874.44977
989,1.2537917,3677.4541,1163.293,798.1842
990,1.2525252,3599.7959,1045.9948,631.60962
991,1.2512614,3495.3193,875.85748,454.52118
992,1.25,3420.9797,763.2179,314.9245
993,1.2487411,3304.0938,679.45068,213.5101
994,1.2474849,3095.9961,541.51953,148.05984
995,1.2462312,2904.2983,358.65607,135.11954
996,1.24498,2873.9802,222.70892,163.24989
997,1.2437311,2980.7744,177.55498,160.36079
998,1.2424849,3059.5591,184.05853,58.678917
999,1.2412412,3030.6675,211.338,-108.86545
1000,1.24,2980.9521,271.25562,-222.64343
1001,1.2387612,3011.2188,348.87512,-199.717
1002,1.237525,3128.9341,395.42731,-65.459732
1003,1.2362912,3321.4106,416.65369,100.83768
1004,1.2350597,3608.4785,483.34314,243.75995
1005,1.2338308,3955.4956,630.30054,342.59534
1006,1.2326044,4211.3521,795.78247,375.15826
1007,1.2313803,4210.6299,871.04407,299.44928
1008,1.2301587,3938.4634,801.05603,98.759476
1009,1.2289395,3568.3716,639.90582,-153.34616
1010,1.2277228,3322.8367,498.8877,-312.85492
1011,1.2265084,3297.7534,452.66461,-272.2814
1012,1.2252965,3426.782,511.26804,-42.034405
1013,1.2240869,3600.2166,645.00928,265.69778
1014,1.2228796,3782.8289,797.23645,520.84607
1015,1.2216749,3995.6055,891.64978,646.64508
1016,1.2204725,4216.6641,880.23999,633.47095
1017,1.2192724,4354.0986,808.70532,523.45935
1018,1.2180747,4303.8501,778.25531,381.68896
1019,1.2168792,4004.8674,799.51099,250.62396
1020,1.2156863,3496.4155,768.76526,144.42349
1021,1.2144955,2967.2803,637.71783,91.19471
1022,1.2133073,2667.9458,490.14484,117.87254
1023,1.2121212,2704.8521,400.70935,182.97241
1024,1.2109375,2963.7273,341.33063,204.69785
1025,1.2097561,3251.5479,269.59998,168.59195
1026,1.208577,3449.2085,201.71964,135.01894
1027,1.2074002,3533.095,171.27307,146.03122
1028,1.2062256,3547.4258,205.40901,194.13181
1029,1.2050534,3577.4666,349.96143,264.01007
1030,1.2038835,3682.188,633.68372,349.1109
1031,1.2027158,3831.5234,993.10303,446.61658
1032,1.2015504,3931.01,1289.5842,554.06262
1033,1.2003872,3906.1406,1419.8335,647.61127
1034,1.1992263,3762.2871,1394.6045,680.46118
1035,1.1980677,3579.4448,1303.2872,625.66492
1036,1.1969112,3449.2983,1204.4188,494.39755
1037,1.195757,3403.6289,1079.5378,316.15732
1038,1.194605,3406.8333,923.78577,144.96518
1039,1.1934552,3419.4312,823.66492,56.853657
1040,1.1923077,3437.8228,853.40942,72.910332
1041,1.1911623,3457.0554,930.21698,122.18464
1042,1.1900192,3446.9766,888.29407,149.9348
1043,1.1888782,3423.0005,709.09546,204.5387
1044,1.1877395,3506.5327,589.8114,359.41931
1045,1.1866028,3815.8428,732.15527,620.33521
1046,1.1854684,4271.7715,1101.9847,936.68811
1047,1.1843362,4594.125,1452.4756,1217.5732
1048,1.1832061,4549.54,1565.2378,1328.6298
1049,1.1820781,4180.8301,1426.7583,1175.0125
1050,1.1809524,3764.6287,1201.0968,815.48724
1051,1.1798288,3550.5278,1076.0881,414.88156
1052,1.1787072,3562.2085,1116.8574,76.472816
1053,1.1775879,3653.7405,1231.9979,-178.28854
1054,1.1764706,3713.1155,1270.6116,-289.59875
1055,1.1753554,3771.1487,1173.2369,-187.16061
1056,1.1742424,3941.2029,1053.8802,64.134369
1057,1.1731315,4273.0513,1086.0798,294.36658
1058,1.1720227,4616.25,1244.8811,373.18457
1059,1.170916,4641.8452,1233.5237,226.75
1060,1.1698114,4149.3232,792.77051,-167.1963
1061,1.1687088,3413.5469,78.355896,-666.67322
1062,1.1676083,3052.1663,-376.98138,-955.94653
1063,1.1665099,3411.3682,-159.13692,-777.60052
1064,1.1654135,4202.1504,582.50793,-133.43291
1065,1.1643193,4847.7275,1283.7981,759.22632
1066,1.163227,5058.0894,1554.6478,1590.1102
1067,1.1621368,4976.9619,1440.4471,2021.2729
1068,1.1610487,4920.8667,1139.0796,1860.6405
1069,1.1599625,5059.0938,796.96948,1318.9146
1070,1.1588784,5219.1929,562.14771,887.57007
1071,1.1577965,5028.1025,470.10925,810.35095
1072,1.1567165,4406.0801,346.04419,902.68591
1073,1.1556385,3771.9768,86.828888,961.17212
1074,1.1545624,3550.4468,-151.68216,1029.4209
1075,1.1534884,3678.1953,-224.5321,1173.172
1076,1.1524163,3765.2852,-226.86848,1269.0303
1077,1.1513463,3552.814,-308.59692,1177.1543
1078,1.1502783,3135.4951,-400.51254,1041.2383
1079,1.1492122,2846.5354,-281.48193,1227.8125
1080,1.1481482,2937.176,133.83424,1883.4043
1081,1.147086,3360.8574,748.3175,2695.26
1082,1.1460259,3846.4902,1438.4661,3184.229
1083,1.1449677,4145.2754,2048.7905,3140.2588
1084,1.1439115,4316.1079,2389.8896,2746.2183
1085,1.1428572,4741.1587,2438.2368,2322.1406
1086,1.1418048,5549.5195,2328.9128,1922.3196
1087,1.1407543,6102.9683,2057.3022,1261.5912
1088,1.1397059,5629.9355,1503.0208,200.33961
1089,1.1386594,4417.4355,837.69354,-825.01031
1090,1.1376147,3727.8103,589.08441,-1121.1089
1091,1.136572,4367.8584,1144.4241,-440.00607
1092,1.1355312,5817.7065,2278.0288,765.61841
1093,1.1344923,6866.0459,3199.7427,1697.4326
1094,1.1334552,6787.2866,3155.4507,1815.0073
1095,1.1324201,5901.9829,2156.0251,1233.3608
1096,1.1313869,5227.5625,1073.4341,552.43579
1097,1.1303555,5535.8125,795.66467,268.73856
1098,1.1293261,6529.3345,1264.2457,367.22797
1099,1.1282984,7076.8438,1597.8901,473.38461